{"cameraMode":{"drawMode":0,"name":"Shaded","section":"Shading Mode"},"sceneLighting":false,"audioPlay":false,"sceneViewState":{"m_AlwaysRefresh":false,"showFog":true,"showSkybox":false,"showFlares":true,"showImageEffects":true,"showParticleSystems":true,"showVisualEffectGraphs":true,"m_FxEnabled":true},"in2DMode":false,"pivot":{"x":-0.20234763622283936,"y":0.2549999952316284,"z":0.45488518476486208},"rotation":{"x":0.16364401578903199,"y":0.013317589648067952,"z":-0.002209326485171914,"w":0.9864271283149719},"size":1.4053906202316285,"orthographic":false}