{"cameraMode":{"drawMode":0,"name":"Shaded","section":"Shading Mode"},"sceneLighting":false,"audioPlay":false,"sceneViewState":{"m_AlwaysRefresh":false,"showFog":true,"showSkybox":false,"showFlares":true,"showImageEffects":true,"showParticleSystems":true,"showVisualEffectGraphs":true,"m_FxEnabled":true},"in2DMode":false,"pivot":{"x":-0.0230790376663208,"y":1.329489827156067,"z":-4.76837158203125e-7},"rotation":{"x":0.16364401578903199,"y":0.013317589648067952,"z":-0.002209326485171914,"w":0.9864271283149719},"size":0.8660253882408142,"orthographic":false}