{"cameraMode":{"drawMode":0,"name":"Shaded","section":"Shading Mode"},"sceneLighting":false,"audioPlay":false,"sceneViewState":{"m_AlwaysRefresh":false,"showFog":true,"showSkybox":false,"showFlares":true,"showImageEffects":true,"showParticleSystems":true,"showVisualEffectGraphs":true,"m_FxEnabled":true},"in2DMode":false,"pivot":{"x":-0.9183465242385864,"y":-0.19025135040283204,"z":4.803164482116699},"rotation":{"x":0.40990298986434939,"y":-0.013681109063327313,"z":0.006149007473140955,"w":0.9120060205459595},"size":17.66607093811035,"orthographic":false}