{"cameraMode":{"drawMode":0,"name":"Shaded","section":"Shading Mode"},"sceneLighting":false,"audioPlay":false,"sceneViewState":{"m_AlwaysRefresh":false,"showFog":true,"showSkybox":false,"showFlares":true,"showImageEffects":true,"showParticleSystems":true,"showVisualEffectGraphs":true,"m_FxEnabled":true},"in2DMode":false,"pivot":{"x":-2.517634868621826,"y":0.2620910108089447,"z":-0.1910010576248169},"rotation":{"x":0.5388045310974121,"y":0.02905101515352726,"z":-0.018596142530441285,"w":0.8417243361473084},"size":1.4220592975616456,"orthographic":false}