{"cameraMode":{"drawMode":0,"name":"Shaded","section":"Shading Mode"},"sceneLighting":false,"audioPlay":false,"sceneViewState":{"m_AlwaysRefresh":false,"showFog":true,"showSkybox":false,"showFlares":true,"showImageEffects":true,"showParticleSystems":true,"showVisualEffectGraphs":true,"m_FxEnabled":true},"in2DMode":false,"pivot":{"x":0.37136363983154299,"y":1.6301462650299073,"z":0.9977926015853882},"rotation":{"x":0.30676400661468508,"y":0.034535329788923267,"z":-0.011140524409711361,"w":0.9511046409606934},"size":0.7986254096031189,"orthographic":false}