{"cameraMode":{"drawMode":0,"name":"Shaded","section":"Shading Mode"},"sceneLighting":false,"audioPlay":false,"sceneViewState":{"m_AlwaysRefresh":false,"showFog":true,"showSkybox":false,"showFlares":true,"showImageEffects":true,"showParticleSystems":true,"showVisualEffectGraphs":true,"m_FxEnabled":true},"in2DMode":false,"pivot":{"x":0.37333714962005618,"y":0.27380508184432986,"z":-0.054900288581848147},"rotation":{"x":0.015855347737669946,"y":0.976774275302887,"z":-0.19901876151561738,"w":0.07781759649515152},"size":0.7116542458534241,"orthographic":false}