{"cameraMode":{"drawMode":0,"name":"Shaded","section":"Shading Mode"},"sceneLighting":false,"audioPlay":false,"sceneViewState":{"m_AlwaysRefresh":false,"showFog":true,"showSkybox":false,"showFlares":true,"showImageEffects":true,"showParticleSystems":true,"showVisualEffectGraphs":true,"m_FxEnabled":true},"in2DMode":false,"pivot":{"x":-0.02307891845703125,"y":1.329482078552246,"z":-4.76837158203125e-7},"rotation":{"x":0.13457795977592469,"y":-0.014570379629731179,"z":0.001981019042432308,"w":0.9908060431480408},"size":2.483910322189331,"orthographic":false}