{"cameraMode":{"drawMode":0,"name":"Shaded","section":"Shading Mode"},"sceneLighting":false,"audioPlay":false,"sceneViewState":{"m_AlwaysRefresh":false,"showFog":true,"showSkybox":false,"showFlares":true,"showImageEffects":true,"showParticleSystems":true,"showVisualEffectGraphs":true,"m_FxEnabled":true},"in2DMode":false,"pivot":{"x":3.5199999809265138,"y":4.558199882507324,"z":4.082499980926514},"rotation":{"x":0.5653796792030335,"y":0.03486066684126854,"z":-0.023929063230752946,"w":0.8237587213516235},"size":0.9679033160209656,"orthographic":false}